date,title,description,location,url,long_description,standort,branchen,mitarbeiter,jahresumsatz,preisvorstellung,international
25.10.2024,"Roboter- & Antriebstechnik, Sondermaschinenbau - GmbH zu verkaufen","Das Unternehmen bietet seit ca. 35 Jahren individuelle Lösungen rund um Antriebstechnik, Robotertechnik, Sondermaschinenbau, Schaltschrankbau, Softwaresteuerung und Wartung + Instandhaltung.",Baden-Württemberg,https://www.nexxt-change.org/DE/Verkaufsangebot/Detailseite/detailseite_jsp.html?adId=210167,"
Erste Infos:
*Sitz im nördlichen Teil von Baden-Württemberg (verkehrsgünstig und Nahe eines wirtschaftlichen Oberzentrums)
*Kernkompetenz: Individuelle Lösungen für Automatisierungsaufgaben rund um Antriebstechnik, Robotertechnik und im Sondermaschinenbau, mechanische Konstruktion, Schaltschrankbau (insbesondere Steuerungsbau als Erstausrüster) und Entwicklung / Implementierung der Softwaresteuerung + Wartung und Instandhaltung von Anlagen.
*Insgesamt sind 26 Mitarbeiter beschäftigt.

Besonderheiten:
*Am deutschen Markt seit ca. 35 Jahren etabliert.
*Langfristig gewachsene und stabile Beziehungen zu Bestandskunden.
*Qualifizierter Mitarbeiterstamm.
*Aussichtsreiche Projekte im Angebotsstatus sind am Markt platziert.
*Strategische Wachstumspotenziale u.a. durch: Ausweitung der Aufträge mit Hauptkunden, neu entwickelte Anlagetypen, Aktivierung der Vertriebsaktivitäten.
*Die Betriebsimmobilie und das Wohnhaus können, falls gewünscht, zusätzlich erworben werden.
*Der derzeitige geschäftsführende Gesellschafter ist gerne bereit den neuen Firmeninhaber in einer Übergangsphase zu unterstützen.

Betriebswirtschaftliche Daten:
*Unternehmensleistung 2024 erwartet : ca. 4.100 TEUR
*⌀ EBITDA (bereinigt) der Jahre 2020,2021,2022,2024 erwartet: ca. 428 TEUR
EBITDA-Angaben ohne Geschäftsjahr 2023. Dieses war durch außerordentliche Entwicklungsleistungen i. H. v. ca. 850 TEUR belastet . Diese Entwicklungsleistungen, welche ab 2025 positive Ergebnisbeiträge erwarten lassen, wurden nicht aktiviert. Dennoch weist das Geschäftsjahr 2023 ein leicht positives bereinigtes EBITDA i.H. v. ca. 45 TEUR aus.",Baden-Württemberg,Verarbeitendes Gewerbe > Reparatur und Installation; Verarbeitendes Gewerbe > Maschinenbau; Verarbeitendes Gewerbe,21 - 50 Beschäftigte,"über 2,5 Mio. Euro",Nicht veröffentlicht,Ja
25.10.2024,Nachhaltiges und ausgezeichnetes Design – Büro für Gestaltung und Kommunikation,"Seit 30 Jahren führen wir unser Büro für Konzept, Design und Kommunikation mit Kompetenz und Herzblut. Wir suchen eine Person, die uns nach erfolgreichem Einstieg in eine gute Zukunft begleitet.",Baden-Württemberg / Tübingen,https://www.nexxt-change.org/DE/Verkaufsangebot/Detailseite/detailseite_jsp.html?adId=212096,"
Beratung, Konzeption, Gestaltung, Kommunikation – seit 30 Jahren kümmern wir uns erfolgreich und nachhaltig um Marken und Menschen. Strategisch fundiert erarbeiten wir Konzepte im Schwerpunkt des Corporate Design – analog, digital, bewegt und im Raum inszeniert – für Unternehmen, Kommunen und Kultureinrichtungen. Für unsere meist langjährigen Kunden sind wir ganzheitlicher Lösungsanbieter und Partner auf Augenhöhe. Unser Büro ist vielfach national und international ausgezeichnet.

Das Unternehmen ist im Herzen Oberschwabens, einer mittelständisch geprägten Wachstumsregion in der Vierländerregion (D-A-CH-LI), beheimatet. Hier sind Marken und Menschen oft eng miteinander verbunden, was die Tätigkeit besonders spannend macht. Wir verfügen über einen festen Kundenstamm, der stetig und gesund wächst, sowie ein sehr gut funktionierendes Netzwerk verschiedenster Partner aus allen relevanten Bereichen.

Das Führungsteam steht für einen sorgfältigen Erfahrungs- und Wissenstransfer bereit. Damit wird ein fundierter Vertrauensaufbau auf Kundenseite möglich. Der Einstieg in das Unternehmen ist individuell und flexibel gestaltbar.

Wir sind gespannt und freuen uns über Nachrichten

Übrigens: Nehmen und Geben – in der Region, für die Region, lautet ein wesentlicher Bestandteil unserer Philosophie.
Das bedeutet: Von dem, was uns die Region gibt, geben wir im Rahmen unserer Möglichkeiten gerne einen Teil durch unser ehrenamtliches Engagement zurück.",Baden-Württemberg > Tübingen,,6 - 10 Beschäftigte,"über 500 Tsd. - 2,5 Mio. Euro",Nicht veröffentlicht,Nein
25.10.2024,Erfolgreiches IT- und Werbeunternehmen bietet Komplettlösungen für KMUs,Seit knapp 20 Jahren bieten wir maßgeschneiderte IT-Lösungen und kreative Webdesign- sowie Werbedienstleistungen an. Je nach Bedarf kombinieren wir beide Bereiche oder liefern spezialisierte Lösungen.,Bayern / Mittelfranken / Nürnberg,https://www.nexxt-change.org/DE/Verkaufsangebot/Detailseite/detailseite_jsp.html?adId=212070,"
Das Unternehmen befindet sich seit knapp 20 Jahren erfolgreich in der Nürnberger Südstadt und hat sich als verlässlicher Partner für rund 50 Kunden etabliert. Unser Fokus liegt auf den Bereichen Webdesign sowie der Wartung von Webservern, wobei wir unsere Kunden direkt und langfristig betreuen. Die Beziehungen zu unseren Kunden sind eng und von kontinuierlichem Austausch geprägt, was sich in einer hohen Kundenzufriedenheit und jahrelangen Kooperationen widerspiegelt.

#Kundenbeziehungen und Übergabe
Ein zentraler Punkt für uns ist die reibungslose und offene Übergabe dieser gewachsenen Beziehungen und unsere Kunden in gute Hände zu übergeben. Unser Ziel ist es, den Nachfolger in die laufenden Projekte und den engen Kontakt mit den Kunden einzuführen. Dabei kann unser bewährtes Projektmanagement-Tool übergeben werden, das nicht nur Aufträge und Zeitenerfassung beinhaltet, sondern auch sämtliche E-Mail-Kommunikation mit den Kunden übersichtlich darstellt. Eine strukturierte Passwortverwaltung mit Hunderten von Zugängen (u. a. FTP, SQL, Webserver) wird ebenfalls übergeben. Zudem sind im IT-Bereich alle wichtigen Zugänge zu Servern und Netzwerkkomponenten sicher verwaltet und dokumentiert.

#Struktur und Team
Aktuell arbeiten mit einem kleinen, schlagkräftigen Team von fünf Mitarbeitern:
-1 Mediengestalter für die kreative Umsetzung von Webprojekten
-1 Vertriebsmitarbeiter, der für die Kundenakquise und -pflege zuständig ist
-1 Buchhalter, der die Finanzen effizient managt
-1 Techniker, der für IT-Support und technische Wartung verantwortlich ist
-1 Mediengestalterin in der Umschulung, die aktuell eingearbeitet wird
Dieses eingespielte Team sorgt für eine optimale Betreuung unserer Kunden in den Bereichen Webdesign und IT-Support. Die Unternehmensstruktur ist effizient, sodass alle Aufgaben klar verteilt und die Abläufe eingespielt sind.

#Technische Ausstattung und Büro
Das Unternehmen ist in einem gemieteten Büro in der Nürnberger Südstadt auf etwa 60 qm untergebracht. Die vorhandene Infrastruktur ist modern und bestens auf die Anforderungen der beiden Geschäftsbereiche abgestimmt. Alle Prozesse und Arbeitsabläufe sind digitalisiert und gut dokumentiert, sodass eine Übergabe reibungslos möglich ist.",Bayern > Mittelfranken > Nürnberg,,bis 5 Beschäftigte,über 50 - 250 Tsd. Euro,bis 50 Tsd. Euro,
25.10.2024,"Fahrradgeschäft EIMSBIKE: An- und Verkauf, Blitzreparatur, Neu- & Gebrauchträder","Fahrradgeschäft EIMSBIKE: An- und Verkauf, Blitzreparatur, Neu- & Gebrauchträder - sucht Nachfolger / Nachfolgerin",Hamburg / Hamburg / Hamburg,https://www.nexxt-change.org/DE/Verkaufsangebot/Detailseite/detailseite_jsp.html?adId=211607,"
Sehr geehrte Nachfolgerin, sehr geehrter Nachfolger,

wir sind ein Fahrradladen in Eimsbüttel mit Spezialisierung auf BLITZREPARATUREN / SOFORTREPARATUR sowie Verkauf NEUER & GEBRAUCHTER Fahrräder, KOMPLETTAUFBAU von Stahlrennern und VINTAGE-Klassikern, als auch eine kleine, eigene FAHRADPRODUKTION. Die Durchführung von Reparaturen, der Aufbau von Neurädern und Generalüberholung von Gebrauchträdern erfolgt auf insgesamt 4 Arbeitsplätzen.

Ein gutes Arbeitsklima bei flachen Hierarchien ist uns wichtig. Wir wollen mit gegenseitigem Respekt, gemeinsam miteinander schaffen.

Unsere Kunden und Kundinnen bewerten unsere Leistungen auf Google mit 4,6 (5) Sternen - Kundenzufriedenheit ist uns wichtig!

Das krisensichere Geschäftsmodell - Neuräder - Gebrauchträder - Reparatur - produziert einen Jahresumsatz von knapp 400.000.-€ p.a. Der Gewinn beträgt in den letzten 3 Jahren durchschnittlich 115.000.-€ PRO JAHR. Der Kaufpreis, 125.000.-€, ist inkl. Inventar, zzgl. dem aktuellen Bestand an Material und Ware, ca. 35.000.-€. Der Mietvertrag ist auf die nächsten knapp 10 Jahre festgeschrieben. Eine Kündigung des Vermieters ist nicht möglich. Die Warmmiete beträgt 1.250.-€/Monat für 100 qm. Die Mietvertragsübernahme durch die Nachfolge zu konstanten Mietkonditionen ist durch den Vermieter schriftlich gesichert.

Dynamische Grüße, der Inhaber

http://www.eimsbike.de",Hamburg > Hamburg > Hamburg,,bis 5 Beschäftigte,über 250 - 500 Tsd. Euro,über 50 - 250 Tsd. Euro,Nein
25.10.2024,"Firmenverkauf, Mode für Senioren, Mobiles Bekleidungsfachgeschäft","Wir verkaufen modisch aktuelle Kleidung für Senior(inn)en in Seniorenheimen, Betreuten Wohnen und Senioren Clubs.",Sachsen / Dresden / Meißen,https://www.nexxt-change.org/DE/Verkaufsangebot/Detailseite/detailseite_jsp.html?adId=212095,"
Zum Verkauf steht ein ""mobiles Bekleidungsfachgeschäft"" mit einem festen Kundenstamm. Das Unternehmen besteht seit 2013. Zu unseren regelmäßigen Besuchen in den Seniorenheimen, Betreuten Wohnen und Senioren Clubs, erscheinen wir mit einem Bekleidungsfachgeschäft mit rund 1600 Artikel aus der aktuellen Frühlings- und Sommerkollektion oder der Herbst- und Winterkollektion für Damen und Herren. Unsere Kundschaft kann vor Ort in Ruhe auswählen, anprobieren und kaufen. Zum Verkauf der Firma gehört das Logo, der komplette Lagerbestand der Ware, alle fahrbaren Kleiderständer (Sonderanfertigung), Spiegel, das Warenwirtschaftssystem inklusive Computerkasse und Scanner sowie die firmeneigene Software mit dem kompletten Kundenstamm, den Konditionen bei den Lieferanten und Herstellern. Der langjährige feste Kundenstamm freut sich auf Sie. Eine Einarbeitung ist gewährleistet. Die Übergabe ist für Januar 2025 angedacht. Der Kaufpreis beträgt 10.000 €.",Sachsen > Dresden > Meißen,,bis 5 Beschäftigte,über 50 - 250 Tsd. Euro,bis 50 Tsd. Euro,Nein
25.10.2024,"Maschinenteile aus Stahl - Entwicklung, Konstruktion und Herstellung","Analyse, Entwicklung und Herstellung von Kundenindividuellen Baugruppen- und Maschinenteilen aus Metall",Brandenburg,https://www.nexxt-change.org/DE/Verkaufsangebot/Detailseite/detailseite_jsp.html?adId=212090,"
Entwicklung + Konstruktion, Herstellung, Planung Vertrieb + Service der Produkte für in Deutschland ansässige Betriebe mit Großserienfertigung vom Automobil bis zum Zahnrad. Werkzeugmaschinen-Service für flexible Maschinensysteme. Entwicklung optimierter und vollständiger Lösungspakete.

Alleinstellung/USP: langjähriger Kundenstamm in Marktnische. Mehr als 20 Jahre Erfüllung kundenspezifischer Anforderungen in Konzeption und Fertigungsgenauigkeit. Leistung von der Produktidee bis zur Herstellung, kundenspezifische Verpackung, Auslieferung bei hoher Flexibilität und Lieferzuverlässigkeit.

Gründer, Inhaber und Geschäftsführer mit akademischem Abschluß. Progressive Umsatzentwicklung auf über 2 Mio. Euro. EBITDA >15%. Bestehende und Zielkunden aus verschiedenen Branchen begrenzen das Risiko einseitiger Abhängigkeit.

Zum Verkauf stehen 100% der Geschäftsanteile an einen Nachfolger als Einzelperson/MBI oder Unternehmen. Aktiva: Betriebs-/Geschäftsausstattung, Marke und Bekanntheitsgrad, langfristig aufgebaute stabile Kundenbeziehung zu namhaften Abnehmern. Know How im Unternehmen von der Idee, Entwicklung der Konstruktion, Herstellung und Versand.

Immobilie für Produktion und Büronutzung derzeit nicht zum Verkauf stehend. Eigentümer der Immobilie ist zugleich der Inhaber des zu verkaufenden Unternehmens.

Team von mehr als 20 angestellten Mitarbeitern in ausgewogener Struktur in Bezug auf Ausbildung, Betriebszugehörigkeit. Durchschnittsalter <40 Jahre. Je nach Art und Größe des Auftrags Nutzung ergänzender Fremdleistung aus langjährigem Netzwerk.

Überleitung: GF/Inhaber Unterstützung von bis zu 3 Jahren verhandelbar.

Gründung des Unternehmens in den 90er Jahren, Übernahme durch heutigen Inhaber vor mehr als 10 Jahren.

Das Nutzungspotential im bestehenden Gebäude ausbaufähig. Weiteres Potential in EBITDA durch Produkt-Mix, geografische Marktausschöpfung, Vertriebswege-Mix und Kunden. Vermieter ist Eigentümer des Verkaufsangebotes.",Brandenburg,,11 - 20 Beschäftigte,"über 500 Tsd. - 2,5 Mio. Euro","über 500 Tsd. - 2,5 Mio. Euro",Nein
25.10.2024,Blumengeschäft in Heidelberg abzugeben,Aus familiären Gründen muss ich mein Blumengeschäft kurzfristig/sofort abgeben.,Baden-Württemberg / Karlsruhe / Heidelberg,https://www.nexxt-change.org/DE/Verkaufsangebot/Detailseite/detailseite_jsp.html?adId=212093,"
Aus familiären Gründen muss ich mein traditionsreiches und gut bekanntes Blumengeschäft in Heidelberg kurzfristig abgeben.
Sehr gute Lage, viele Stammkunden, Internetauftritt vorhanden, gute Ertragslage.
Ideal auch für Existenzgründer.",Baden-Württemberg > Karlsruhe > Heidelberg,,bis 5 Beschäftigte,über 50 - 250 Tsd. Euro,Nicht veröffentlicht,
25.10.2024,Nachfolger für etabliertes Handwerker-Vermittlungsunternehmen gesucht,"Ein 2022 gegründetes Unternehmen sucht eine Nachfolge aus persönlichen Gründen. Das Unternehmen hat 9 Mitarbeiter und macht 2024 einen Umsatz von 1,2 Mio Euro",Nordrhein-Westfalen / Köln / Köln,https://www.nexxt-change.org/DE/Verkaufsangebot/Detailseite/detailseite_jsp.html?adId=211904,"
Die GmbH, gegründet im Jahr 2022, bietet eine einzigartige Möglichkeit für Unternehmer oder Investoren, in ein stark wachsendes und innovatives Unternehmen im Handwerker- und Dienstleistungssektor einzusteigen.

Unternehmensprofil:

Branche: Vermittlung von Handwerkern mit einem klaren Fokus auf Genossenschaften und Hausverwaltungen
Umsatz (2024): ca. 1,2 Mio. Euro
Verlustvortrag aus Vorjahren: ca. 100.000 Euro
Prognose 2024: Erreichen der schwarzen Null
Team: Das Unternehmen beschäftigt aktuell ein engagiertes und erfahrenes Team von 9 Mitarbeitern, unterstützt durch 2 Geschäftsführer sowie 2 externe Berater, die strategisch und operativ zum Erfolg des Unternehmens beitragen.

Marktpositionierung: Die GmbH hat sich seit der Gründung auf die Vermittlung von qualifizierten Handwerkern spezialisiert, die besonders für die Anforderungen von Genossenschaften und Hausverwaltungen passgenau eingesetzt werden. Mit einem breiten Netzwerk und langfristigen Partnerschaften hat sich das Unternehmen in diesem Bereich einen exzellenten Ruf erarbeitet. Mittlerweile ist es in mehreren Bundesländern tätig und strebt eine Partnerschaft mit über 500 Hausverwaltungen an

Ihre Chance:

Diese Nachfolgelösung bietet die Möglichkeit, ein etabliertes Unternehmen mit solidem Kundenstamm zu übernehmen und weiter auszubauen. Die Branchenkenntnis der Geschäftsführung und des Beraterteams kann auf Wunsch für eine Übergangszeit zur Verfügung gestellt werden, um einen reibungslosen Übergang zu gewährleisten.

Interessiert?

Wir freuen uns über Ihre Kontaktaufnahme für weitere Informationen und Details zum Unternehmen.

Verkauft wird das Unternehmen trotz sehr guter Zukunfts- und Wachstumsprognosen aus persönlichen Gründen (Krankheit von Angehörigen)",Nordrhein-Westfalen > Köln > Köln,,6 - 10 Beschäftigte,"über 500 Tsd. - 2,5 Mio. Euro",über 50 - 250 Tsd. Euro,Nein
25.10.2024,Erfolgreiche E-Commerce-Marke im Backwarenmarkt zu verkaufen,"Verkaufen etablierte E-Commerce-Marke im Backwarenmarkt: über 20.000 Kunden, 70.000 Social-Media-Fans, hohes Wachstumspotenzial und automatisierte Prozesse.",Hessen / Darmstadt / Frankfurt am Main,https://www.nexxt-change.org/DE/Verkaufsangebot/Detailseite/detailseite_jsp.html?adId=212039,"
Wir bieten DIY-Tortenkits mit hochwertigen Zutaten, Zubehör und Dekoration an, sodass unsere Kunden zuhause in nur zwei Stunden eine leckere Torte backen können.

Unser Geschäft läuft ausschließlich über unseren Online-Shop. Zusätzlich zu den Tortenkits verkaufen wir Zubehör wie Kerzen und Tortenplatten. Wir haben über 20.000 zufriedene Kunden und erreichen über alle Social-Media-Kanäle hinweg mehr als 70.000 Follower. Positive Bewertungen auf TrustedShops bestätigen die Qualität unserer Produkte und Marke. Unsere Produkte wurden in der FAZ, bei RTL und in InStyle vorgestellt.

Der Backwarenmarkt ist traditionell, und nur wenige Wettbewerber verkaufen online. Das bietet enormes Wachstumspotenzial. Unsere Prozesse sind effizient und fast komplett automatisiert, sodass wir das Geschäft mit nur 1,5 Vollzeitmitarbeitern betreiben können.

Wachstumsmöglichkeiten:

-Erweiterung der Designs für verschiedene Anlässe und neue Zielgruppen
-Erschließung weiterer Online-Vertriebskanäle wie Marktplätze
-Einführung unseres neuen Produkts in der Kategorie „Smoothie-Pulver für Familien

Wir ziehen uns aus privaten Gründen aus dem Unternehmen zurück. Käufer haben die Chance, ein erfolgreiches und wachstumsstarkes Geschäftsmodell zu übernehmen.",Hessen > Darmstadt > Frankfurt am Main,,bis 5 Beschäftigte,über 250 - 500 Tsd. Euro,Nicht veröffentlicht,Nein
25.10.2024,Pizzalieferdienst zu verkaufen,Pizzalieferdienst (kein Franchise) zu verkaufen.,Sachsen-Anhalt / Sachsen-Anhalt / Halle (Saale),https://www.nexxt-change.org/DE/Verkaufsangebot/Detailseite/detailseite_jsp.html?adId=207533,"
Unser Pizzalieferdienst ist in Halle sehr bekannt. Wir verkaufen die komplette GmbH inkl. Geräte etc. und Fahrräder. Der Jahresumsatz beläuft sich aktuell auf ca. 450.000€. Umsatzsteigerung auf 600.000€ ohne Probleme möglich, wenn man selber mitarbeitet und Erfahrung im Marketingbereich hat.
KP 120.000€",Sachsen-Anhalt > Sachsen-Anhalt > Halle (Saale),,11 - 20 Beschäftigte,über 250 - 500 Tsd. Euro,über 50 - 250 Tsd. Euro,Nein
25.10.2024,Elektrotechniker mit interessantem Kundenstamm sucht Nachfolger/-in!,Elektrotechniker mit interessantem Kundenstamm sucht Nachfolger/-in!,Niedersachsen / Weser-Ems / Delmenhorst,https://www.nexxt-change.org/DE/Verkaufsangebot/Detailseite/detailseite_jsp.html?adId=211735,"
*Liebe Interessenten, bitte beachten Sie unseren Hinweis am Ende des Inserates!


Elektrotechnischer Betrieb sucht aufgrund des nahenden Renteneintritts in absehbarer Zeit einen Nachfolger. Der Betrieb, der als Einzelunternehmen geführt wird, hat sich in seinem 20-jährigen Bestehen einen sehr guten Ruf erarbeitet und hat ein interessantes Kundenportfolio zu bieten. Die Schwerpunkte des Betriebes sind Tankstellentechnik und Altbausanierung. In letzterem bestehen langjährige Partnerschaften mit Kollegen anderer Gewerke. Der Kundenstamm, der u.a. aus namhaften Großkunden besteht, ist bundesweit vertreten. Mitarbeiter sind momentan nicht beschäftigt.

Übergeben werden soll die Betriebs- und Geschäftsausstattung sowie der Kundenstamm. Die bestehende Betriebsstätte, die ortsungebunden ist, kann weitergepachtet werden.
Die Anschaffungskosten sind überschaubar und durch den vorhandenen Kundenstamm kann der Nachfolger sofort mit der Selbständigkeit starten. Die Übergabemodalitäten können individuell abgestimmt werden.

Bei Interesse erhalten Sie weitere Informationen in einem persönlichen Gespräch.


*Wichtiger Hinweis: Bitte nutzen Sie in Ihrer Interessensbekundung die entsprechenden Freifelder für die erforderlichen Informationen (Qualifikation, Berufserfahrung, Mitteilung/Motivationsbekundung an den Inhaber). Nur so ist es dem Betriebsinhaber möglich, eine erste Einschätzung Ihrer Person und Ihrer Eignung vorzunehmen und mit Ihnen in Kontakt zu treten.

Wenn Sie Beratung bzgl. Betriebsübernahme wünschen, melden Sie sich gerne bei uns. (Kontaktdaten siehe rechts)

Das Inserat richtet sich, sofern nicht ausdrücklich etwas anderes angegeben ist, an alle interessierten Personen, unabhängig vom Geschlecht. Wegen besserer Lesbarkeit und Verständlichkeit der Texte wird jedoch meistens nur die männliche Personenform verwendet.",Niedersachsen > Weser-Ems > Delmenhorst,,bis 5 Beschäftigte,über 50 - 250 Tsd. Euro,Nicht veröffentlicht,Nein
25.10.2024,Eigene Produktion und Onlineshop für hochwertiges Hundezubehör,Stark wachsendes Unternehmen im Bereich Hundezubehör sucht Käufer oder Teilhaber. Entwicklung in der Schweiz und Produktion in Europa. Onlineshop mit nur selbst hergestellten Produkten.,Ausland,https://www.nexxt-change.org/DE/Verkaufsangebot/Detailseite/detailseite_jsp.html?adId=212055,"
Unser Weg zum eigenen Webshop und Produzenten von hochwertigstem Outdoor-Equipment entstand aus der langjährigen Arbeit mit Hunden und der jahrzehntelangen Ausbildung mit Mailtrainern.
Unsere tägliche Leidenschaft für beste Produkte steht absolut im Vordergrund.
Unzählige reale Einsätze im Rettungshundebereich, Beratungen, Trailtrainer-Ausbildung und europaweite Seminare bestätigen den grundlegenden Bedarf auf den Hund und den Menschen zugeschnittenen Produkten. Wichtigste Merkmale: Robust und langlebig, einfache und flexible Handhabung und nachhaltiger Einsatz von Ressourcen und Materialien steht absolut im Vordergrund. Warum dieses Inserat? Weitere Investitionen in Marketing, Ausbau Onlineshop und Umsetzung vieler erfolgreicher Ideen sind zeitlich nicht mehr zu bewältigen.",Ausland,,bis 5 Beschäftigte,bis 50 Tsd. Euro,Nicht veröffentlicht,Ja
25.10.2024,Fahrzeugtransport für rollfähige und nichtrollfähige Fahrzeuge inkl. Werkstatt,Fahrzeugtransporte für rollfähige und nichtrollfähige Neu- und Gebrauchtwagen. Die LKW-Flotte umfasst moderne 13 Mercedes LKWs mit Ladefaktoren 3 / 5 / 6 / 8 .,Thüringen / Thüringen,https://www.nexxt-change.org/DE/Verkaufsangebot/Detailseite/detailseite_jsp.html?adId=209915,"
Ein seit 1996 bestehender Komplettservice-Dienstleister rund um das Thema KFZ und NFZ.
Das erfolgreiche Unternehmen befindet sich an einem verkehrstechnisch optimal angebundenen und exponierten Standort.
Das Leistungsangebot umfasst Transporte & Überführungen, Pannenservice & Abschleppdienst PKW / LKW, KFZ-Werkstatt, die alle anfallenden Arbeiten kostengünstig und fachgerecht durchführt, mit eigenem Reifendienst und Altautoentsorgung.",Thüringen > Thüringen,,21 - 50 Beschäftigte,"über 2,5 Mio. Euro",Nicht veröffentlicht,
25.10.2024,Suche Nachfolger/-in für erfolgreichen Friseurbetrieb mit lieber Stammkundschaft im Raum Böblingen,Suche Nachfolger/-in für erfolgreichen Friseurbetrieb mit lieber Stammkundschaft im Raum Böblingen,Baden-Württemberg / Stuttgart / Böblingen,https://www.nexxt-change.org/DE/Verkaufsangebot/Detailseite/detailseite_jsp.html?adId=212085,"
Mit einem lachendem und einem weinendem Auge trenne ich mich von meinem wunderschönen Friseurgeschäft, welches ich 2009 eröffnet habe. Es hat 7 Bedienungsplätze und 2 Waschstühle. Der Salon ist mit allem ausgestattet, was man zum Arbeiten benötigt. Er ist weiterhin geöffnet. Zusätzlich zum Salon gehört ein Kellerabteil, sowie ein Tiefgaragenstellplatz. 

Ich erwarte im Sommer mein 2. Kind, welches dann meine volle Aufmerksamkeit benötigt. Aufgrund meines 1. Kindes habe ich in den letzten 2 Jahren nur an 2 Tagen in der Woche gearbeitet. Die Umsatzzahlen beziehen sich also nur auf diese 2 Tage die Woche. Zuvor war der Salon an 5 Tagen die Woche geöffnet. Aufgrund stetiger Nachfrage ist dies sofort wieder möglich. 

Die Salonmiete liegt bei 725,- Euro und kann so übernommen werden.

Haarverlängerung und Haarersatz gehören zu meinem Geschäft ergänzend dazu. Bei Interesse gebe ich darin gerne Unterweisung. Meine Kunden sind mir im Laufe der Jahre sehr ans Herz gewachsen. Gerne würde ich den neuen Inhaber/ die neue Inhaberin einarbeiten oder für den Übergang anwesend sein, damit die Kunden Vertrauen schöpfen und auch der neue Inhaber / die neue Inhaberin sich wohl fühlt. Dies ist aber keine Voraussetzung.",Baden-Württemberg > Stuttgart > Böblingen,Dienstleistung > Sonstige Dienstleistungen > Friseure; Handwerk > Handwerke für den privaten Bedarf > Friseure,bis 5 Beschäftigte,bis 50 Tsd. Euro,Nicht veröffentlicht,Nein
25.10.2024,Nachfolge für Friseursalon gesucht,Beständiger Friseursalon im Landkreis Aurich sucht aus Altersgründen eine Nachfolge.,Niedersachsen / Weser-Ems / Aurich,https://www.nexxt-change.org/DE/Verkaufsangebot/Detailseite/detailseite_jsp.html?adId=212038,"
Beständiger Friseursalon im Landkreis Aurich sucht aus Altersgründen eine Nachfolge.

Der langjährig bestehende Salon befindet sich in gut frequentierter Lage zwischen Wohngebieten, dem Ortskern und gesellschaftlichen Einrichtungen gelegen. Das Gebäude wurde als Friseursalon errichtet und verfügt über ca. 100 qm Salonfläche mit einer Unterteilung in Herren- und Damenbereich. Im Herrensalon gibt es derzeit drei Bedienplätze sowie zwei Vorwärtswaschbecken. Der Damensalon verfügt über sechs Bedienplätze, jeweils zwei Rückwärts- sowie zwei Vorwärtswaschbecken, als auch zwei Hängehauben und zwei Klimazon-Geräte. Empfang, Wartebereich, Toiletten, Sozialraum, Mixecke mit Fenster und zwei zusätzliche Lagerräume mit Stellplätzen für Waschmaschine und Trockner komplettieren den Betrieb. Weiterhin gibt es einen Zugang zur Terrasse. Angeboten werden alle Tätigkeiten des Friseurhandwerks für Groß und Klein. Das Einzugsgebiet bietet Raum für weitere Expansionen. Ausreichende Parkmöglichkeiten befinden sich direkt vor dem Salon. Der Betrieb verfügt über einen großen Stammkundenkreis.

Neben der Betriebsinhaberin ist eine weitere Mitarbeiterin beschäftigt.

Zur Übernahme steht das Inventar mit dem Firmenwert. Der Salon kann gekauft oder gepachtet werden. Zudem befindet sich in der Immobilie eine Wohneinheit, die derzeit langfristig vermietet ist. Nähere Informationen nach Kontaktaufnahme.",Niedersachsen > Weser-Ems > Aurich,Dienstleistung > Sonstige Dienstleistungen > Friseure; Handwerk > Handwerke für den privaten Bedarf > Friseure,bis 5 Beschäftigte,bis 50 Tsd. Euro,Nicht veröffentlicht,
25.10.2024,Fotostudio in Osnabrück,Gut ausgestattetes Fotostudio in Osnabrück sucht eine Nachfolgelösung.,"Niedersachsen / Weser-Ems / Osnabrück, Stadt",https://www.nexxt-change.org/DE/Verkaufsangebot/Detailseite/detailseite_jsp.html?adId=212082,"
Gut ausgestattetes Fotostudio in Osnabrück sucht eine Nachfolgelösung. Das Unternehmen genießt einen sehr guten Ruf und hat langjährige Stammkunden aus dem gewerblich und privaten Bereich. Das Studio ist ca. 55 m² groß und befindet sich in einer guten Lage mit möglicher Laufkundschaft. Es kann gerne eine gleitende Übernahme mit Einarbeitungszeit erfolgen.","Niedersachsen > Weser-Ems > Osnabrück, Stadt",,bis 5 Beschäftigte,über 50 - 250 Tsd. Euro,Nicht veröffentlicht,
25.10.2024,Etablierter Autohändler einer bekannten deutschen Autobilmarke sucht Nachfolger,Automobil-Vertragshändler mit eigener Werkstatt und 2 Standorten in Mitteldeutschland sucht einen Nachfolger.,Thüringen,https://www.nexxt-change.org/DE/Verkaufsangebot/Detailseite/detailseite_jsp.html?adId=212029,"
Das traditionsreiche Unternehmen wurde 1993 gegründet und operiert als GmbH. Mit zwei Standorten in Mitteldeutschland verfügt es über eine Gesamtfläche von rund 14.700 qm, aufgeteilt in einen Hauptstandort mit 7.300 qm und einen Zweitstandort mit ca. 7.400 qm. Die Standorte sind modern ausgestattet und bieten umfangreiche Serviceleistungen an.

Das Leistungsspektrum des Unternehmens umfasst unter anderem Reparaturen und Wartung aller Fabrikate, Unfallbeseitigung mit Richtbank, Unfallregulierung durch Gutachter, elektronische Achsvermessung, Fahrzeugtuning, Ersatzteil-, Reifen- und Zubehörverkauf, TÜV und AU-Abnahme, Fahrzeugaufbereitung, Fahrzeugdesign, Fahrzeugbeschriftung, Fahrzeugkosmetik, Motordiagnose, Autovermietung und eine Waschanlage.

Die Kundenstruktur setzt sich zu 80% aus Privatkunden und zu 20% aus gewerblichen Kunden zusammen. Insgesamt werden etwa 1.800 aktive Kunden betreut.
Mit einem Team von 22 Mitarbeitern, darunter drei Geschäftsführer, zeichnet sich das Unternehmen durch seine hohe Servicequalität und Kundenorientierung aus. Einer der Geschäftsführer kann auch nach einem Verkauf als Standortleitung weiterhin im Unternehmen tätig bleiben.

Besondere Merkmale und Stärken des Unternehmens sind die installierte PV-Anlage an einem Standort sowie das Räderhotel mit ca. 250 Rädersätzen am Hauptstandort und zusätzlichen 150 Rädersätzen am zweiten Standort. Das Unternehmen hat keine direkten Wettbewerber in der Region, was ihm eine exklusive Marktposition
verschafft.",Thüringen,Handel > Großhandel und Handelsvermittlung; Handwerk > Kraftfahrzeuggewerbe > Kraftfahrzeugtechniker,21 - 50 Beschäftigte,"über 2,5 Mio. Euro",Nicht veröffentlicht,
25.10.2024,Online-Amazon-Ebay-Shop zu Verkaufen,Für alle die noch Kapazität für 50-80 Pakete pro Tag frei haben u. 50-70m² Lagerfläche besitzen. Ein nachweislich etabliertes Business was ich abgeben möchte. Autoteile (Clips und Fensterheber),Hessen / Darmstadt / Darmstadt,https://www.nexxt-change.org/DE/Verkaufsangebot/Detailseite/detailseite_jsp.html?adId=211348,"
Ich möchte Ihnen einige genauere Informationen zu meinem Online-Geschäft ""Bossmobil"" geben, das ich derzeit zum Verkauf anbiete.

System und Produktion
Ich verwalte das Geschäft mit dem System Plentymarkets und lasse 99 Prozent meiner Produkte in der Türkei produzieren. Aktuell habe ich insgesamt etwa 280.000 Artikel auf Lager, die in einem Lagerraum von 60-80m² untergebracht sind.

Umsatz und Gewinn
Der Großteil des Umsatzes wird über Amazon erzielt, mit einem Jahresgewinn von 50.000 € - 60.000 €, was einem Umsatz von etwa 220.000 € pro Jahr über Amazon entspricht. Zusätzlich generiert der eBay-Shop einen jährlichen Umsatz von etwa 30.000 €. Der eigene Online-Shop (Bossmobil.net) verzeichnet nur gelegentlich Verkäufe.

Artikel und Listings
Derzeit biete ich 800 verschiedene Artikel an, die in über 20.000 Listings auf Amazon und eBay (inklusive Varianten) aufgeführt sind. Neue Artikel wurden seit einiger Zeit nicht mehr hinzugefügt.

Gewinnermittlung
Der Gewinn wurde mit Sellerboard ermittelt. Dabei sind jedoch keine Fixkosten wie Miete, Software und Personalkosten enthalten, da diese stark von den individuellen Gegebenheiten des Unternehmers abhängen. Bei mir sind es Jahrespraktikanten und 1 Azubi die 90 Prozent gemanagte haben.

Gründe für den Verkauf
Ich betreibe parallel ein Photovoltaik-Business, das im letzten Monat fast 100.000 € Umsatz erzielt hat. Daher habe ich mich entschieden, mich auf dieses Geschäft zu konzentrieren und mein bisher aufgebautes Online-Business mit der Marke ""Bossmobil"" abzugeben.

Geeigneter Käufer
Am besten eignet sich dieses Geschäft für jemanden, der bereits über ein Lager verfügt und genug Kapazitäten hat, um täglich 50-100 Pakete zu bearbeiten. So können Fixkosten minimal gehalten und der Gewinn maximiert werden.

Wert des Unternehmens
Der eigentliche Wert dieser Unternehmung liegt im über die Jahre aufgebauten Ranking und der etablierten Marke ""Bossmobil"" auf Amazon, mit einer treuen Kundenbasis und mehreren etablierten Rankings. Laut internationaler Beratungsgesellschaften liegt der Preis für ein solches Unternehmen bei 3- bis 5-mal dem Jahresgewinn. Ich bin jedoch bereit, das Geschäft für einen Jahresgewinn von 50.000 € abzugeben.
Zusätzlich dazu kommt der aktuelle Warenbestand, der derzeit bei 60.000 € Einkaufspreis liegt. Die Einkaufspreise sind äußerst wettbewerbsfähig, da ich noch viele Produkte zu Preisen von vor 5 Jahren beziehe. Ich biete zudem einen 20% Rabatt auf den aktuellen Warenbestand, was den Gesamtpreis auf 48.000 € reduziert.

Konditionen und Übergabe
Der Gesamtpreis beträgt somit 50.000 € für das Unternehmen plus(aktuell EK-Preis 45.000 € VK 330.000€) für den Warenbestand. Zahlungsmodalitäten können individuell besprochen werden. Ich biete selbstverständlich eine umfassende Einarbeitung und Unterstützung bei der Übergabe, bis das System beim Käufer reibungslos läuft. Alle kontakte zur Produktion und Preise werden auch zu selben Konditionen weiter gegeben.

Ich schlage vor, dass wir uns telefonisch austauschen, damit ich einen besseren Einblick in Ihr Unternehmen bekomme und beurteilen kann, ob diese Unternehmung für Sie passend ist. Alle hier genannten Zahlen können durch verschiedene Systeme nachgewiesen werden.
Ich freue mich auf Ihre Rückmeldung!",Hessen > Darmstadt > Darmstadt,,Nicht veröffentlicht,über 50 - 250 Tsd. Euro,über 50 - 250 Tsd. Euro,Ja
25.10.2024,Handelsunternehmen für Duft- und Kosmetikprodukte steht zum Verkauf,"Die GmbH hat sich mit ihren jahrelangen Erfahrungen in dem Bereich der Haar-, Haut- und Körperpflege einen wiedererkennbaren Kultfaktor aufgebaut.",Baden-Württemberg / Stuttgart / Böblingen,https://www.nexxt-change.org/DE/Verkaufsangebot/Detailseite/detailseite_jsp.html?adId=206283,"
Die GmbH hat sich mit ihren jahrelangen Erfahrungen in dem Bereich der Haar-, Haut- und Körperpflege einen wiedererkennbaren Kultfaktor aufgebaut.

Wir sind seit 2008 in den Bereichen Haarkosmetik, Körper- und Hautpflege tätig und vertreiben exklusive und internationale Marken. Neben Produkten für den Friseur- und Kosmetikbedarf, entwickelt die GmbH auch eigene Marken wie ein hauseigenes Rosenwasser.

Die Besonderheit dieser Produkte ist der innovativen Herstellungstechnologie zu verdanken, bei der das normale Wasser durch das USDA-zertifizierte organische Rosenwasser vollkommen ersetzt wurde. Somit ist unser Rosenwasser das einzige in Deutschland, das auf Basis von organischem Rosenwasser hergestellt wird und somit keinerlei herkömmliches Wasser beinhaltet.

Seit Jahren sind wir ein treuer Partner für Großhändler und Friseure in ganz Deutschland. Ende 2016 hat die Gesellschaft eine interne Umstrukturierung durchgeführt und ist neue Strategiewege eingegangen:
- Das Außendienstteam wurde komplett abgeschafft. So werden die Bestellungen von den bestehenden und neuen Friseurkunden telefonisch oder per Email angenommen und
per DHL versendet.
- Die ehemaligen Außendienstmitarbeiter der Firma haben sich selbständig gemacht und kooperieren mit uns als Großhändler.

Vielen Dank für Ihre Kontaktaufnahme.",Baden-Württemberg > Stuttgart > Böblingen,Handel > Großhandel und Handelsvermittlung; Handel,bis 5 Beschäftigte,über 250 - 500 Tsd. Euro,über 50 - 250 Tsd. Euro,Ja
25.10.2024,Frisörgeschäft im Vogtland abzugeben,Frisörgeschäft im Vogtland abzugeben,Sachsen / Chemnitz / Vogtlandkreis,https://www.nexxt-change.org/DE/Verkaufsangebot/Detailseite/detailseite_jsp.html?adId=212076,"
Frisörgeschäft - Ich möchte ein kleineres Geschäft übernehmen, da die aktuellen Geschäftsräumemir mich allein zu groß sind. Der aktuelle Mietvertrag läuft noch bis
März 2027. Das Geschäft wurde von mir komplett neu ausgebaut (Elektrik, Wasser, Einrichtung). Der Salon befindet sich im Einzugsgebiet Plauen Ostvorstadt.
Einbauten/Inventar - Kaufpreis 30.000 Euro, Mietvertrag-Übernahme 450,00 Euro/Monat warm",Sachsen > Chemnitz > Vogtlandkreis,,bis 5 Beschäftigte,über 50 - 250 Tsd. Euro,bis 50 Tsd. Euro,Nein
25.10.2024,Etabliertes Unternehmen aus der Medizintechnik sucht Nachfolger,Das Unternehmen ist im Markt für medizintechnische Geräte tätig.,Baden-Württemberg / Stuttgart,https://www.nexxt-change.org/DE/Verkaufsangebot/Detailseite/detailseite_jsp.html?adId=211786,"
Bei dem Unternehmen handelt es sich um ein attraktives Geschäftsmodell im Markt für Geräteträgersysteme für die Medizintechnik, das seit Jahrzehnten am Markt etabliert ist.

Die innovativen Produkte werden selbst entwickelt, in einem Direktvertrieb und mit individuellen Marketingmaßnahmen vertrieben sowie selbst montiert. Das Unternehmen produziert diverse Produktlinien, die den Kunden Standardlösungen anbieten, daraus aber auch kundenspezifische Produktlösungen zusammengestellt werden können. Im Einzelfall werden ganz individuell auf die Bedürfnisse des Kunden maßgeschneiderte Lösungen konzipiert und hergestellt.

Die Produktprogramme werden über Industriekunden in der Medizintechnik (""OEMs"") - ca. 55 % des Umsatzes -, über den medizinischen Fachhandel mit ca. 35 % des Umsatzes und über den Versandhandel mit ca. 15 % des Umsatzes vertrieben.

Das Unternehmen wickelt die gesamte Wertschöpfung an seinem Stammsitz in Baden - Württemberg in der Region Mittlerer Neckar ab. Dies umfasst dort die Produktentwicklung und Konstruktion, den Vertrieb und das Marketing, die Montage und die gesamte Logistik sowie die allgemeine Verwaltung.

Eine stabile und langjährige Kunden- und Lieferantenstruktur sichern konstante Umsatzerlöse von derzeit rd. 7,0 Mio. EUR und weiteres Wachstum sowie eine EBIT - Marge von derzeit ca. 6 - 7 %, die mit knapp über 30 Mitarbeitenden realisiert wird.

Das Target kann im Rahmen eines share deals zu 100 % von den Gesellschaftern erworben werden. Die Betriebsimmobilie befindet sich im Eigentum einer Besitzgesellschaft der Gesellschafterfamilie und soll im Rahmen eines langfristigen Mietvertrages weiter angemietet werden.

Das Angebot eignet sich für ambitionierte unternehmerisch orientierte Nachwuchskräfte - insbesondere aus der Medizintechnikbranche mit starker Vertriebs- und Technikaffinität sowie auch an (mittelständische) Unternehmen aus verwandten Branchen, die das Geschäftsmodell als weiteres Standbein integrieren können.",Baden-Württemberg > Stuttgart,,21 - 50 Beschäftigte,"über 2,5 Mio. Euro",Nicht veröffentlicht,Ja
25.10.2024,Augenoptikbetrieb / Augenoptiker zur Übernahme,"Verkauf eines Optikgeschäfts in Waldbröl, Oberbergischer Kreis, Nordrhein-Westfalen",Nordrhein-Westfalen / Köln / Oberbergischer Kreis,https://www.nexxt-change.org/DE/Verkaufsangebot/Detailseite/detailseite_jsp.html?adId=212064,"
Geschäftsbeschreibung:
Das Optikgeschäft in modernen Geschäftsräumen in einem Geschäftshaus hat sich im Laufe der Zeit einen ausgezeichneten Ruf für seine erstklassigen Dienstleistungen und das breite Sortiment an Waren gemacht. Es hat einen großen und loyalen Kundenstamm, der seit vielen Jahren gepflegt wird.
Das Unternehmen verfügt über sämtliche erforderlichen Warengruppen für den optischen Markt und ist voll funktionsfähig.

Verkaufsmerkmale:
Zum Verkauf steht das gesamte Geschäft, einschließlich: Ausrüstung, Inventar, Waren

Team:
Zwei erfahrene Augenoptiker, die für den reibungslosen Betrieb des Unternehmens sorgen, sind in dem Geschäft tätig.

Verkaufsgrund:
Wechsel der Geschäftstätigkeit des Inhabers",Nordrhein-Westfalen > Köln > Oberbergischer Kreis,,bis 5 Beschäftigte,über 50 - 250 Tsd. Euro,Nicht veröffentlicht,
25.10.2024,Manufaktur für biologisch artgerechte Rohfuttermittel-Produktion & -Handel,"Qualität, Frische und Regionalität zeichnet die seit 12 Jahren bestehende Manufaktur für Rohfutter aus. Produktionsstätte, Marke, Präsenz- & Online-Handel langfristig in neue Hände zu übergeben.",Thüringen / Thüringen,https://www.nexxt-change.org/DE/Verkaufsangebot/Detailseite/detailseite_jsp.html?adId=212074,"
Die mit viel Liebe zum Tier aufgebaute Manufaktur für biologisch artgerechtes Rohfutter hat sich mit eigener Marke eine hervorragende Reputation bei ihrer treuen Kundschaft aufgebaut.

Die regionalen Bezugsquellen der Rohprodukte sichern Qualität, kurze Wege und Frische bei der Verarbeitung.

Zum Verkauf stehen eine Produktions- und Ladenfläche von ca. 200 m² nebst mehreren, unmittelbar angrenzenden Parkplätzen. Die Lage ist verkehrsgünstig in einem Gewerbegebiet mit Zu- und Abfahrtswegen an der Hauptzufahrtsstraße zur Stadt. Miet-Konditionen sind langfristig gesichert.
Neben der für die Produktion erforderlichen Maschinen- und Wägetechnik sind Kühltruhen, Kühlhalle und Platz für die Kommissionierung vorhanden.

Eine Übergabe wird langfristig aus Altersgründen angestrebt und ist Bestandteil der strategischen Unternehmensplanung bis Ende 2025. Für einen begleitenden Prozess steht die Geschäftsführung auch darüber hinaus bei Bedarf zur Verfügung.
Auf Grund des mit der geschützten Eigenmarke verbundenen hohen Qualitätsniveaus sowie der Manufaktur innerwohnenden Handarbeit, ist eine Übergabe nur an Personen mit entsprechender Mentalität denkbar. Hohe Servicebereitschaft sowie Affinität zu Tieren und rohem Fleisch werden vorausgesetzt.

Das gegenwärtige Verhältnis zwischen Präsenz- und Online-Handel von 80/20 bietet Potential den Gesamt-Umsatz weiter zu erhöhen und kann neben dem Ausbau im Online-/ Sozial-Media-Bereich als Wachstumschance betrachtet werden.

Wir freuen uns auf Ihre qualifizierte Anfrage über den obigen Kontakt-Button.",Thüringen > Thüringen,Handel > Einzelhandel > Sonstige; Verarbeitendes Gewerbe > Herstellung von Nahrungs- und Genussmitteln > Futtermittel,bis 5 Beschäftigte,über 50 - 250 Tsd. Euro,Nicht veröffentlicht,Nein
25.10.2024,"Erfahrenes Generalbauunternehmen aus der Photovoltaikbranche,","Zum Verkauf steht ein zwar junges Generalbauunternehmen aus der Solarbranche, das jedoch über ein Team mit mehr als 15 Jahren Erfahrung bei über 200 Projekten, hauptsächlich Dachanlagen, verfügt.",Berlin / Berlin / Berlin,https://www.nexxt-change.org/DE/Verkaufsangebot/Detailseite/detailseite_jsp.html?adId=212066,"
Das aus privaten Gründen angebotene Unternehmen besteht seit 2011. Bis zum Jahr 2021 wurde mit der Gesellschaft eine Megawattsolaranlage betrieben, die mit gutem Gewinn verkauft werden konnte. Nach einer Umstrukturierung in 2022 ist die Firma (GmbH & Co. KG) als Generalbauunternehmen für schlüsselfertige Photovoltaikanlagen auf Gewerbe- und Industriedächern bundesweit tätig. Hierfür besteht eine besondere Expertise, aufgrund der langjährigen Erfahrung in diesem Bereich gibt es keine Herausforderung, die die Firma nicht meistert. Auch die Organisation von Dachsanierungen über Partnerunternehmen gehört mit zum Aufgabengebiet.
Die eingesetzten Produkte sind ausschließlich bankable Markenprodukte, die ausschließlich von deutschen Großhändlern bezogen werden.
Auftraggeber sind vor allem private Investoren bzw. Weiterverkäufer von Anlagen sowie Unternehmen, die Anlagen zum Eigenbetrieb errichten lassen..
Die in Berlin ansässige Gesellschaft beschäftigt neben dem Geschäftsführer fünf Vollzeitmitarbeiter, davon drei Projektmanager.
Der Umsatz im Rumpfgeschäftsjahr 2023 (zweites Halbjahr) betrug gut eine Million Euro bei rund 40.000 Euro Gewinn. In 2024 wird der voraussichtliche Umsatz bei rund 3 bis 4 Millionen Euro liegen und der Gewinn wird deutlich sechsstellig sein. Das Unternehmen geht davon aus, den Umsatz in 2025 nochmals um ca. 50% steigern zu können.
Die besondere Stärke des Unternehmens liegt in seiner schlanken Struktur sowie seiner Flexibilität und Schnelligkeit bei höchster Qualität seiner Arbeit. Die im Unternehmen beschäftigten Personen verfügen über ein ausgedehntes Netzwerk.
Gesucht wird ab sofort ein Käufer, der das Unternehmen im Ganzen oder zum größten Teil übernimmt. Als Käufer kommen Unternehmen aus der Branche sowie Firmen in Frage, die die Aufträge für ihre zu errichtenden Anlagen nicht an Fremdfirmen vergeben, sondern selbst errichten lassen möchten. Weiterhin kommt der Kauf für Finanzinvestoren oder für Martteilnehmer aus dem Ausland in Frage, die nach Deutschland expandieren möchten.
Die Übergabe des Unternehmens sollte innerhalb eines Jahres erfolgen. Der Inhaber ist bereit, auch mittelfristig noch beratend und unterstützend für die Gesellschaft tätig zu sein.
Die Modalitäten der Übernahme und der Kaufpreiszahlung sind flexibel.",Berlin > Berlin > Berlin,,6 - 10 Beschäftigte,Nicht veröffentlicht,"über 500 Tsd. - 2,5 Mio. Euro",
25.10.2024,Onlineshop Hair-Extensions und Beautyprodukte | Dropshipping | 11K Umsatz,Der Onlineshop basiert auf Frauenartikeln (Hair-Extensions und Beautyprodukte) und ist ein schlüsselfertiger und einsatzbereiter Store für das 4. Quartal,Berlin / Berlin,https://www.nexxt-change.org/DE/Verkaufsangebot/Detailseite/detailseite_jsp.html?adId=212054,"
Herzlich Willkommen!
Der DROPSHIPPING SHOP, konnte binnen weniger Monate mehr als 10.000€ Umsatz erzielen.

Der Shop ist schlüsselfertig eingerichtet und kann ab sofort übernommen und vermarktet werden.

Die Lieferung der Produkte erfolgt durch unseren Lieferanten binnen 5-8 Werktagen

Gesucht wird ein Shopbetreiber, mit oder ohne Erfahrung. Unser neuer Inhaber sollte langfristig denken und für weitere Skalierungen bereit sein.

Wir bieten ihnen eine 4-wöchige Begleitung an, dabei erhalten sie in den ersten 4 Wochen eine detaillierte Einweisung in das Shopsystem, das Marketing und mehr. Auf Wunsch stehen wir Ihnen auch nach dieser Zeit weiterhin zur Seite und bauen gemeinsam Ihren Online Shop weiter aus.

Abschließend sei erwähnt, dass die Investition absolut risikolos ist, da mit steigendem Umsatz auch der Wert eines Online Shops steigt. Und selbst bei solchen Entscheidungen stünden wir Ihnen persönlich zur Seite.
Folgendes ist im Kauf konkret enthalten:

- Shopify Inhaberschaft des o.g. Online Shops
- TikTok Business Center mit Advertiser Account (administrativer Zugriff)
- Top Level .de Domain mit AUTH Code (bei Umzug)
- Händlerkontakte und Lieferantenanbindung an den Shop
- 4 Wochen rundum sorglos Paket (wir arbeiten über 4 Wochen gemeinsam mit Ihnen am Shop)

Eine persönliche und unverbindliche Vorstellung des Online Shops ist zeitnah möglich. Schreiben Sie uns einfach eine Nachricht und wir besprechen alles Weitere. Bei konkretem Interesse erhalten Sie außerdem ein Expose von uns.

Wir freuen uns auf eine gute Zusammenarbeit.",Berlin > Berlin,,Nicht veröffentlicht,bis 50 Tsd. Euro,bis 50 Tsd. Euro,Ja
25.10.2024,Stadtbekannter Berliner Malereibetrieb aus Altersgründen zu verkaufen,Wir sind als namhaftes Unternehmen seit 1976 am Berliner Markt erfolgreich tätig.,Berlin / Berlin / Berlin,https://www.nexxt-change.org/DE/Verkaufsangebot/Detailseite/detailseite_jsp.html?adId=206890,"
Das Unternehmen ist unabhängig vom Eigentümer weiter zu führen.
Der Betrieb verfügt über langjährige Erfahrungen im Innen- und Außenbereich; Malerarbeiten, Wärmedämmung, Fensteranstriche und Renovierungen aller Art in Berlin und Brandenburg gehören zum täglichen Geschäft.


Anzahl Mitarbeiter:
9 Mitarbeiter + Azubis. Weiterhin unterstützen uns zuverlässige Subunternehmen in speziellen Bereichen, auf die unser Betrieb nicht ausgerichtet ist.


Kundenstamm:
In den Jahrzehnten haben wir einen starken Kundenstamm aufbauen und halten können.
Dazu zählen Wohnungsgesellschaften, Hausverwaltungen, Gewerbe- und Privatkunden.


Die Zahlen:
Das Unternehmen erzielt einen Jahresumsatz von rund 1,4 Mio EUR.
Büro- und Werkstatträume sind äußerst verkehrsgünstig im Süden Berlins auf eigenem Grundstück vorhanden.

Der Betrieb ist kurz-, bzw. mittelfristig aus Altersgründen abzugeben.
Näheres zum Betrieb und der möglichen Betriebsübernahme teilen wir Ihnen gerne in einem persönlichen Gespräch mit. Seriöse Anfragen sind willkommen.",Berlin > Berlin > Berlin,,11 - 20 Beschäftigte,"über 500 Tsd. - 2,5 Mio. Euro",Nicht veröffentlicht,
24.10.2024,Nachfolge für Kletterwald gesucht,"Kletterwald in Touristikanlage am See. 2004 erbaut, 2022 komplett nach Borkenkäferbefall neu in Laubwald errichtet. 10 Parcours mit ca. 110 Elementen. Nutzbar für Kinder ab 5 Jahren.",Sachsen / Chemnitz / Vogtlandkreis,https://www.nexxt-change.org/DE/Verkaufsangebot/Detailseite/detailseite_jsp.html?adId=212014,"
Abgabe mit Pachtkauf über definierten Zeitraum.",Sachsen > Chemnitz > Vogtlandkreis,,bis 5 Beschäftigte,über 50 - 250 Tsd. Euro,über 50 - 250 Tsd. Euro,
24.10.2024,Blumengeschäft mit fast 100-jähriger Tradition sucht engagierte Nachfolge!,Blumengeschäft mit fast 100-jähriger Tradition sucht engagierte Nachfolge aufgrund altersbedingter Abgabe!,Sachsen / Chemnitz / Zwickau,https://www.nexxt-change.org/DE/Verkaufsangebot/Detailseite/detailseite_jsp.html?adId=211976,"
Unser alteingesessenes Blumengeschäft, das seit fast einem Jahrhundert erfolgreich in der Innenstadt betrieben wird, sucht aus Altersgründen eine/n motivierte/n Nachfolger/in. Der florierende Laden befindet sich in Innenstadtlage (Mietobjekt) und erfreut sich einer großen, treuen Stammkundschaft, die uns über Jahrzehnte hinweg begleitet hat.

Übernehmen Sie ein gut etabliertes Geschäft mit einem hervorragenden Ruf und profitieren Sie von einer soliden Basis für Ihren Start in die Selbstständigkeit.",Sachsen > Chemnitz > Zwickau,,bis 5 Beschäftigte,über 50 - 250 Tsd. Euro,Nicht veröffentlicht,Nein
24.10.2024,"Shopware Seller-Account mit 6 aktiven Plugins, inkl. 2 Bronze-Zertifizierungen","Zum Verkauf steht ein Shopware Seller-Account mit insgesamt 6 aktiven Plugins, wovon zwei Bronze-Zertifizierungen besitzen.",Baden-Württemberg / Stuttgart,https://www.nexxt-change.org/DE/Verkaufsangebot/Detailseite/detailseite_jsp.html?adId=211809,"
Verkauft wird ein vollständig aktiver Shopware Seller-Account mit 6 Plugins, die alle für Shopware 5 entwickelt wurden. Dieser Account bietet eine großartige Gelegenheit für Shopware-Entwickler oder Agenturen, die schnell ein bestehendes Portfolio übernehmen und sofort Einnahmen generieren möchten.

Details zum Angebot:
6 Plugins insgesamt
2 Plugins mit Bronze-Zertifizierung, was ein hohes Vertrauen bei den Nutzern und gute Bewertungen widerspiegelt.
Monatliches Einkommen von ca. 400 EUR, basierend auf bestehenden Kunden und regelmäßigen Verkäufen. Zwei deaktivierte Plugins, die nach einer Überarbeitung problemlos wieder aktiviert werden können. Alle Plugins sind für Shopware 5 optimiert und haben sich in der Praxis als nützlich und stabil erwiesen.

Potenzial:
Der Account hat bereits eine stabile Nutzerbasis und durch die Weiterentwicklung der deaktivierten Plugins oder durch neue Marketingstrategien lässt sich das monatliche Einkommen steigern. Zudem könnten die Plugins auf Shopware 6 migriert werden, um weiteres Wachstum zu ermöglichen.

Das Paket eignet sich sowohl für erfahrene Shopware-Entwickler als auch für Neueinsteiger, die von den bisherigen Verkäufen und der Community-Anerkennung profitieren möchten.",Baden-Württemberg > Stuttgart,,Nicht veröffentlicht,bis 50 Tsd. Euro,bis 50 Tsd. Euro,Ja
24.10.2024,Metallbaubetrieb sucht Nachfolger,,Sachsen-Anhalt / Sachsen-Anhalt / Saalekreis,https://www.nexxt-change.org/DE/Verkaufsangebot/Detailseite/detailseite_jsp.html?adId=212005,"
Für das seit 37 Jahren bestehende Unternehmen wird altershalber ein geeigneter Nachfolger gesucht. Bei dem Unternehmen handelt es sich um eine Reparatur- und Bauschlosserei mit Schlüsseldienst.
Gefertigt werden u.a. Treppen, Geländer, Zäune, Türen und Tore mit kompletter Antriebstechnik. Der Metallbaubetrieb ist im Besitz des Schweiß-Eignungsnachweises und ist zertifiziert nach DIN EN 1090-2, EX C2.
Es befindet sich in ländlicher Region, ist verkehrsgünstig gelegen und wird mir Grundstück und Produktionshalle verkauft. Eine Erweiterung am Standort ist möglich.
der Inhaber bietet die Einarbeitung des Nachfolgers an.

Die Übergabe kann sofort oder nach Vereinbarung erfolgen.",Sachsen-Anhalt > Sachsen-Anhalt > Saalekreis,Handwerk > Handwerke für den gewerblichen Bedarf > Metallbauer und Feinwerkmechaniker; Baugewerbe > Ausbau > Metallbau,bis 5 Beschäftigte,Nicht veröffentlicht,über 50 - 250 Tsd. Euro,
24.10.2024,Fleisch- und Wursttheke frei! Starte jetzt durch im Bauernmarkt Ravensburg,"Du kannst Dir vorstellen, bei uns im Bauernmarkt die Fleisch- und Wursttheke selbstständig und eigenverantwortlich mit regionalen Fleischprodukten zu bespielen?",Baden-Württemberg / Tübingen / Ravensburg,https://www.nexxt-change.org/DE/Verkaufsangebot/Detailseite/detailseite_jsp.html?adId=211872,"
Du kannst Dir vorstellen, bei uns im Bauernmarkt die
Fleisch- und Wursttheke selbstständig und eigenverantwortlich
mit regionalen Fleischprodukten zu bespielen?

Dann solltest Du Kontakt mit uns aufnehmen!

Was wir suchen:
• Person mit Interesse an eigenständigem, selbstständigem Arbeiten
• Fachwissen und Kompetenz im Umgang mit Fleisch und Wurst
• Freude an der Organisation regionaler, hochwertiger Fleischprodukte

Wir bieten:
• Fertige, funktionsfähige Fleisch- und Wursttheke
• Ggf. Übernahme des aktuellen Personalstamms
• Stabiles Marktgeschehen in der Bauernmarkthalle
im Herzen von Ravensburg
• Öffnungszeiten von Montag bis Samstag
• Gute Zusammenarbeit mit
Beschickern der anderen Marktstände

Deine Chance:
• Existenzgründung
• Weg in die Selbstständigkeit in
stabilem Umfeld
• …ab Januar 2025 kann es losgehen!

Wer wir sind?
www.bauernmarkt-ravensburg.de

Interesse? Melde Dich via Mail an
svende.schlingmann@rimpertsweiler.de",Baden-Württemberg > Tübingen > Ravensburg,"Handwerk > Lebensmittelgewerbe > Fleischer; Handel > Einzelhandel > Nahrungs- und Genussmitteln, Getränken und Tabakwaren",bis 5 Beschäftigte,Nicht veröffentlicht,bis 50 Tsd. Euro,Nein
24.10.2024,Irish Pub zu verkaufen,Unser Irish Pub liegt im Herzen von Halle mit einem Naturbiergarten,Sachsen-Anhalt / Sachsen-Anhalt / Halle (Saale),https://www.nexxt-change.org/DE/Verkaufsangebot/Detailseite/detailseite_jsp.html?adId=210195,"
Die Stadt Halle Saale hat 240.000 Einwohner und ist eine Universitätsstadt. Es gibt mit uns aktuell 2 Irish Pubs die im Stadtzentrum bzw. liegen wir Nähe Unicampus/Bibliothek. Aus unserer Erfahrung wäre es wichtig das Sie aus der Gastronomie kommen und praktische Erfahrung haben. Unsere Kneipe hat innen 100 Personen und im Naturbiergarten 120 Plätze.
Der typische Käufer könnte ein Existenzgründer, Unternehmerpaar / Koch / Köchin oder ein Gastronomiebetreiber/-Paar sein, der/die mit einem sehr bekannten Betrieb in die Selbstständigkeit starten möchte.
Sonstiges:
Das Unternehmen wird komplett übergeben.
Eine gründliche Einarbeitung und Übergabe wird zugesichert.
Weitere Einzelheiten in persönlichen Gesprächen.

Kaufpreis: Übernahme des Brauereidarlehen plus Kaufpreis (Einmalzahlung oder als Raten)",Sachsen-Anhalt > Sachsen-Anhalt > Halle (Saale),,bis 5 Beschäftigte,über 50 - 250 Tsd. Euro,bis 50 Tsd. Euro,Nein
24.10.2024,Vertriebsvollservice für Gerätebatterien sucht Nachfolger:in,Seit über 20 Jahren gibt es diesen Dienstleister für den Gerätebatterievertrieb ohne Wettbewerb am Markt.,Schleswig-Holstein / Schleswig-Holstein,https://www.nexxt-change.org/DE/Verkaufsangebot/Detailseite/detailseite_jsp.html?adId=212043,"
Seit über 20 Jahren gibt es diesen Dienstleister für den Gerätebatterievertrieb ohne Wettbewerb am Markt. Der abgebende Unternehmer ist im Bereich Schleswig-Holstein, Hamburg, Mecklenburg-Vorpommern und Niedersachsen tätig und möchte aus Altersgründen aufhören. Der Betrieb ist bei allen namhaften Lebensmittelhändlern als einziger gelistet. Seine Kunden setzen sich zum größten Teil aus dem Lebensmittelhandel und zu einem geringen Teil aus dem Baumarktsegment zusammen. Die Kunden werden turnusmäßig und ohne separaten Auftrag angefahren. Vor Ort gehört die Pflege der Verkaufsständer, Auffüllen und ggf. Abarbeitung von Reklamationen dazu. Die Ware wird von einem namhaften Hersteller geliefert. Ein großes Materiallager ist daher nicht von Nöten. Aktuell wird der Betrieb als GmbH geführt und das Büro befindet sich in angemieteten Räumlichkeiten. Daher kann der Nachfolgende dies selbst regeln. Eine Einarbeitung wird selbstverständlich angeboten – denn relevant ist die Kundenpflege- und Kenntnis für die Fortführung des Betriebs. Kann auch von einem Quereinsteiger als Weg in die Selbständigkeit genutzt werden. Vor einer Gesprächsaufnahme ist die Unterzeichnung einer Verschwiegenheitserklärung notwendig.",Schleswig-Holstein > Schleswig-Holstein,,bis 5 Beschäftigte,über 250 - 500 Tsd. Euro,Nicht veröffentlicht,Nein
24.10.2024,Unternehmen der Fertigungstechnik (CNC) sucht aktiven Nachfolger,Profitables Unternehmen der Fertigungstechnik (CNC) mit erfahrenen und qualifizierten Fachkräften sucht aktiven Nachfolger in Niedersachsen – Großraum Hamburg,Niedersachsen / Braunschweig / Braunschweig,https://www.nexxt-change.org/DE/Verkaufsangebot/Detailseite/detailseite_jsp.html?adId=211968,"
Das Unternehmen ist spezialisiert auf die Herstellung und den Vertrieb von maßgefertigten Kleinteilen in den Branchen Flugzeug-, Schiff-, Bahn-, Automobilbranche, Deutschlandweit. Mit einem Jahresumsatz von 1 – 2 Millionen Euro und einer profitablen Geschäftstätigkeit ist es eine attraktive Investitionsmöglichkeit.",Niedersachsen > Braunschweig > Braunschweig,,11 - 20 Beschäftigte,"über 500 Tsd. - 2,5 Mio. Euro",Nicht veröffentlicht,
24.10.2024,06.11.2024 Unternehmensnachfolge für Brandenburg,"Am 6. November 2024 öffnet die TH Wildau ihre Türen für die zweite Runde der exklusiven Matching-Veranstaltung ""Unternehmensnachfolge für Brandenburg"".",Brandenburg / Brandenburg / Dahme-Spreewald,https://www.nexxt-change.org/DE/Verkaufsangebot/Detailseite/detailseite_jsp.html?adId=211936,"
Die Veranstaltung ""Unternehmensnachfolge für Brandenburg"" richtet sich an Nachfolgeinteressierte und Unternehmer*innen, die eine(n) geeignete(n) Nachfolger(in) für ihr Unternehmen suchen und bietet eine Plattform, um direkte Kontakte zu knüpfen und das eigene Netzwerk zu erweitern. Alle weiteren Informationen und den Link zur Anmeldung sind über den untenstehenden Link zu finden. Die Anzahl der Plätze ist begrenzt, melden Sie sich heute noch an!
https://www.th-wildau.de/hochschule/aktuelles/veranstaltung/unternehmensnachfolge-fuer-brandenburg-zweite-matching-veranstaltung-an-der-th-wildau

Alle News zur Veranstaltung und rund um die Themen Gründung und Nachfolge werden auch regelmäßig auf LinkedIn veröffentlicht. Schauen Sie doch mal rein!
www.linkedin.com/company/gun-alumni

Projekt im Rahmen der Richtlinie Gründen in Brandenburg (GiB). Weitere Informationen zum Projekt unter: http://www.th-wildau.de/alex/",Brandenburg > Brandenburg > Dahme-Spreewald,,über 100 Beschäftigte,Nicht veröffentlicht,bis 50 Tsd. Euro,Nein
24.10.2024,Erfolgreiche GmbH im Bereich industrieller Dienstleistungen sucht Nachfolger,"Dienstleistungsunternehmen in der Industriebranche, ansässig in NRW, sucht aus strategischen Gründen Nachfolger. Das Unternehmen ist sehr gut etabliert und verfügt über interessante, namhafte Kunden",Nordrhein-Westfalen / Düsseldorf / Mönchengladbach,https://www.nexxt-change.org/DE/Verkaufsangebot/Detailseite/detailseite_jsp.html?adId=212025,"
Das Geschäftsmodell basiert auf Dienstleistungen und Lösungen im Bereich industrieller Anwendungen, die den spezifischen Bedürfnissen der Kunden gerecht werden. Unser Leistungsspektrum umfasst unter anderem die thermische und katalytische Abluftreinigung, speziell in den Bereichen Petrochemie, Chemie und Lebensmittelindustrie. Diese Spezialisierungen haben uns als verlässlichen Partner für unsere Kunden etabliert.

Unser Kundenstamm umfasst namhafte Unternehmen, die durch die Zusammenarbeit ein erhebliches Wachstumspotenzial bieten. Die Position des Unternehmens sorgt für eine konstante Nachfrage und eine starke Bindung der Kunden.

Besonders hervorzuheben ist ein über 14 Jahre bestehendes, sehr gutes Netzwerk mit einem regional ansässigen Fertigungsunternehmen, das eine ideale Grundlage für zukünftige Geschäftserweiterungen bietet. Zudem hat sich die Marktposition des Unternehmens durch die Schließung eines ehemaligen Mitbewerbers Anfang 2024 nochmals deutlich verbessert, da viele Kunden seitdem keinen direkten Ansprechpartner außer uns haben.

Sonstige Besonderheiten:
Nach der Gründung Anfang 2022 haben sich zahlreiche ehemalige Kunden aufgrund der jahrelangen positiven Zusammenarbeit direkt an uns gewendet, um weiterhin betreut zu werden. Die schnelle Etablierung auf dem Markt hat die Erwartungen übertroffen und bietet eine stabile Grundlage für weiteres Wachstum.

Ablauf der Übergabe:
Die Übergabe kann flexibel gestaltet werden, um eine reibungslose Integration für den Käufer zu gewährleisten. Es ist möglich, eine umfangreiche Einarbeitung durch das bisherige Management zu vereinbaren.

Kontakt:
Bei Interesse freuen wir uns auf Ihre Kontaktaufnahme über das Nexxt Change Portal.",Nordrhein-Westfalen > Düsseldorf > Mönchengladbach,,bis 5 Beschäftigte,"über 500 Tsd. - 2,5 Mio. Euro","über 500 Tsd. - 2,5 Mio. Euro",Ja
24.10.2024,Verkauf der Schadenhilfe AG / Firmenmantel und dazugehörige Internet Domains,"Belastungsfreier AG Firmenmantel, gegründet 2006 als Unternehmen zur Vernetzung von Fachinstitutionen, Fachleuten, Fachinformationen und Entscheidungshilfen im Schadenfall",Niedersachsen,https://www.nexxt-change.org/DE/Verkaufsangebot/Detailseite/detailseite_jsp.html?adId=212013,"
Unsere Unternehmensgruppe, vor 50 Jahren auch Mitbegründer der heutigen Schadensanierungsbranche trennt sich seit den vergangenen Jahren aus Nachfolgegründen von ihren Unternehmen dieser Fachrichtung. Der Prozess der Ausgliederung soll in diesem Jahr möglichst abgeschlossen werden. So möchten wir uns auch von der Schadenhilfe AG trennen, dieses Unternehmen für die Zusammenfügung von Informationen und Kernkompetenzen, wie Handwerksfirmen, Sachverständigen, Rechtsanwälten, Versicherern, Wohnungsverwaltungen usw. gegründet wurde. Im Zuge der vor Jahren beschlossenen Trennung vom Schadensanierungsmarkt wurden die Aufgaben der Schadenhilfe AG nicht mehr benötigt. Die Gesellschaft wurde ""ruhend"" gestellt. Nunmehr und insofern bieten wir diese 2006 gegründete AG als völlig belastungsfreien Firmenmantel an.",Niedersachsen,,bis 5 Beschäftigte,Nicht veröffentlicht,über 50 - 250 Tsd. Euro,
24.10.2024,Fachhändler für Molekularbiologische Produkte,Das Angebot ist derzeit zurückgezogen. Bitte kontaktieren Sie erst wieder bei erneuter Freigabe. Vielen Dank!,Rheinland-Pfalz / Rheinhessen-Pfalz,https://www.nexxt-change.org/DE/Verkaufsangebot/Detailseite/detailseite_jsp.html?adId=209563,"
GeneON BioScience aus Ludwigshafen am Rhein bedient Forschungsinstitute und gewerbliche Kunden aus dem Life-Science Branche mit Polymerasen und PCR-Fertigmixen, spezieller DNA, Nukleotide und anderen Feinchemikalien für die PCR-Diagnostik und/oder der universitären/wissenschaftlichen Forschung.

GeneON Bioscience beschafft die Rohstoffe weltweit, Produziert die Produkte im eigenen Labor oder aliquotiert Bulkmengen in handelsübliche Produktgrößen.

Die Produkte werden danach über einen Webshop angeboten und weltweit versendet.",Rheinland-Pfalz > Rheinhessen-Pfalz,,bis 5 Beschäftigte,"über 500 Tsd. - 2,5 Mio. Euro",über 50 - 250 Tsd. Euro,Ja
24.10.2024,Zum Verkauf im Kundenauftrag: 3 etablierte Online-Projekte mit hohen Umsätzen,"Familienplattform: Starker Social Media-Auftritt, ca. 2.500 € Monatsumsatz. Betreuungs-Portal: Einzigartiger Datensatz, 368.000 € Jahresumsatz. PC-Ratgeber: 151.000 € Jahresumsatz, viel Potenzial.",Hessen / Kassel,https://www.nexxt-change.org/DE/Verkaufsangebot/Detailseite/detailseite_jsp.html?adId=212026,"
Projekt 1: Familien- und Erziehungsportal
Alter: Über 12 Jahre
Inhalte: Mehr als 2.300 manuell erstellte Blogartikel sowie ein umfangreicher Pinterest-Account mit 136.000 monatlichen Aufrufen.
Umsatz: Circa 42.670 € jährlich, durchschnittlich 2.500 € pro Monat (über verschiedene Monetarisierungsmöglichkeiten wie Affiliate-Programme und Gastartikel).
SEO- und Social-Media-Performance: Ca. 20.000 monatliche Seitenaufrufe, 4.600 Follower auf Facebook, und eine aktive Präsenz auf weiteren Plattformen.
Preisvorstellung: Verhandlungsbasis (VHB), steuerlich optimierbar, sodass der Hauptwert dem Content zugeordnet wird.

Projekt 2: Größtes Familien- und Betreuungsinformationsportal Deutschlands
Alter: Seit 1998 aktiv
Inhalte: Einzigartiger Datensatz mit über 51.000 eingepflegte Datensätze deutschlandweit und eine umfassende, gut gepflegte Ratgeber-Sektion nach höchsten SEO-Standards.
Umsatz: Circa 368.000 € jährlich (Google Adsense, Linkverkauf, Amazon-Affiliate, und weitere Einnahmequellen).
Potenziale: Ausbau des Ratgeberbereichs und stärkere Monetarisierung der bestehenden, trafficstarken Inhalte.
Preisvorstellung: 6 bis 7 stellig VHB, steuerlich optimierbar zur Kostenreduktion.

Projekt 3: Windows- und Software-Hilfe-Portal
Alter: Über 25 Jahre
Inhalte: Umfassende Hilfe- und Ratgeberartikel rund um Windows und Software, unterstützt durch ein breites Netzwerk an hochwertigen Backlinks (z.B. von namhaften Medien).
Umsatz: Ca. 151.000 € jährlich (über Google Adsense, Gastartikel und Affiliate-Marketing).
Potenziale: Monetarisierung durch gezieltes Software-Bundling und Sponsored-Posts, Ausbau neuer Bereiche wie App-Reviews.
Preisvorstellung: VHB, steuerlich optimierbar zur Senkung der Steuerlast.

Kontakt für Anfragen: E-Mail auf Anfrage direkt hier. Alle Projekte können als Asset Deal sowohl als Einzelangebote oder im Paket erworben werden.",Hessen > Kassel,,Nicht veröffentlicht,über 250 - 500 Tsd. Euro,"über 500 Tsd. - 2,5 Mio. Euro",
24.10.2024,Raumausstatterladen sucht Nachfolger/in,Raumausstatterladen mit Handwerksstruktur in saarländischer Kreisstadt in jüngere Hände weiter zu geben.,Saarland / Saarland / Merzig-Wadern,https://www.nexxt-change.org/DE/Verkaufsangebot/Detailseite/detailseite_jsp.html?adId=212016,"
Wir, die Raumdeco GmbH, sind in Merzig in vielen öffentlichen Bereichen und Institutionen als Lieferant von BRILLUX Farben, innen liegendem Sonnenschutz, Gardinen und Zubehör sowie einem großen Bodenbelagsstudio seit über 40 Jahren vertreten. Wir arbeiten saarlandweit in diesen Segmenten.
Die angemietete Ladenfläche inkl. Lagerräume beträgt 200 m². Parkplätze und eine Tiefgarage sind direkt vor unserer Tür vorhanden. Das Ladenlokal verfügt über 5 große Schaufenster und liegt an einer viel befahrenen Hauptstraße. Die Einrichtung des Ladens und der Studios wurde mit UMDASCH-Laden-Elementen in ""Buche"" gestaltet. Kundenmagnet ist eine nur ca. 50m entfernter ACTION Markt, sowie ein stark frequentiertes Ärztehaus und ein großer Spielwarenladen.
Wenn wir Ihr Interesse geweckt haben sollten, rufen Sie uns einfach an.
An den Übernahmekonditionen soll Ihr Interesse nicht scheitern. Wenn gewünscht, würden wir der bzw. dem Nachfolger/in eine Einarbeitung anbieten.",Saarland > Saarland > Merzig-Wadern,,bis 5 Beschäftigte,über 50 - 250 Tsd. Euro,bis 50 Tsd. Euro,
